,season,city,team1,team2
0,2017,Hyderabad,Sunrisers Hyderabad,Royal Challengers Bangalore
1,2017,Pune,Mumbai Indians,Rising Pune Supergiant
2,2017,Rajkot,Gujarat Lions,Kolkata Knight Riders
3,2017,Indore,Rising Pune Supergiant,Kings XI Punjab
4,2017,Bangalore,Royal Challengers Bangalore,Delhi Daredevils
5,2017,Hyderabad,Gujarat Lions,Sunrisers Hyderabad
6,2017,Mumbai,Kolkata Knight Riders,Mumbai Indians
7,2017,Indore,Royal Challengers Bangalore,Kings XI Punjab
8,2017,Pune,Delhi Daredevils,Rising Pune Supergiant
9,2017,Mumbai,Sunrisers Hyderabad,Mumbai Indians
10,2017,Kolkata,Kings XI Punjab,Kolkata Knight Riders
11,2017,Bangalore,Royal Challengers Bangalore,Mumbai Indians
12,2017,Rajkot,Rising Pune Supergiant,Gujarat Lions
13,2017,Kolkata,Kolkata Knight Riders,Sunrisers Hyderabad
14,2017,Delhi,Delhi Daredevils,Kings XI Punjab
15,2017,Mumbai,Gujarat Lions,Mumbai Indians
16,2017,Bangalore,Rising Pune Supergiant,Royal Challengers Bangalore
17,2017,Delhi,Delhi Daredevils,Kolkata Knight Riders
18,2017,Hyderabad,Sunrisers Hyderabad,Kings XI Punjab
19,2017,Rajkot,Royal Challengers Bangalore,Gujarat Lions
20,2017,Hyderabad,Sunrisers Hyderabad,Delhi Daredevils
21,2017,Indore,Kings XI Punjab,Mumbai Indians
22,2017,Kolkata,Kolkata Knight Riders,Gujarat Lions
23,2017,Mumbai,Mumbai Indians,Delhi Daredevils
24,2017,Pune,Sunrisers Hyderabad,Rising Pune Supergiant
25,2017,Rajkot,Kings XI Punjab,Gujarat Lions
26,2017,Kolkata,Kolkata Knight Riders,Royal Challengers Bangalore
27,2017,Mumbai,Rising Pune Supergiant,Mumbai Indians
28,2017,Pune,Rising Pune Supergiant,Kolkata Knight Riders
29,2017,Bangalore,Royal Challengers Bangalore,Gujarat Lions
30,2017,Kolkata,Delhi Daredevils,Kolkata Knight Riders
31,2017,Chandigarh,Sunrisers Hyderabad,Kings XI Punjab
32,2017,Pune,Rising Pune Supergiant,Royal Challengers Bangalore
33,2017,Rajkot,Gujarat Lions,Mumbai Indians
34,2017,Chandigarh,Delhi Daredevils,Kings XI Punjab
35,2017,Hyderabad,Sunrisers Hyderabad,Kolkata Knight Riders
36,2017,Mumbai,Royal Challengers Bangalore,Mumbai Indians
37,2017,Pune,Gujarat Lions,Rising Pune Supergiant
38,2017,Delhi,Sunrisers Hyderabad,Delhi Daredevils
39,2017,Kolkata,Kolkata Knight Riders,Rising Pune Supergiant
40,2017,Delhi,Gujarat Lions,Delhi Daredevils
41,2017,Bangalore,Kings XI Punjab,Royal Challengers Bangalore
42,2017,Hyderabad,Rising Pune Supergiant,Sunrisers Hyderabad
43,2017,Delhi,Mumbai Indians,Delhi Daredevils
44,2017,Bangalore,Royal Challengers Bangalore,Kolkata Knight Riders
45,2017,Chandigarh,Kings XI Punjab,Gujarat Lions
46,2017,Hyderabad,Mumbai Indians,Sunrisers Hyderabad
47,2017,Chandigarh,Kings XI Punjab,Kolkata Knight Riders
48,2017,Kanpur,Gujarat Lions,Delhi Daredevils
49,2017,Mumbai,Kings XI Punjab,Mumbai Indians
50,2017,Delhi,Delhi Daredevils,Rising Pune Supergiant
51,2017,Kanpur,Gujarat Lions,Sunrisers Hyderabad
52,2017,Kolkata,Mumbai Indians,Kolkata Knight Riders
53,2017,Pune,Kings XI Punjab,Rising Pune Supergiant
54,2017,Delhi,Royal Challengers Bangalore,Delhi Daredevils
55,2017,Mumbai,Rising Pune Supergiant,Mumbai Indians
57,2017,Bangalore,Kolkata Knight Riders,Mumbai Indians
58,2017,Hyderabad,Mumbai Indians,Rising Pune Supergiant
59,2008,Bangalore,Kolkata Knight Riders,Royal Challengers Bangalore
60,2008,Chandigarh,Chennai Super Kings,Kings XI Punjab
61,2008,Delhi,Rajasthan Royals,Delhi Daredevils
62,2008,Mumbai,Mumbai Indians,Royal Challengers Bangalore
63,2008,Kolkata,Deccan Chargers,Kolkata Knight Riders
64,2008,Jaipur,Kings XI Punjab,Rajasthan Royals
65,2008,Hyderabad,Deccan Chargers,Delhi Daredevils
66,2008,Chennai,Chennai Super Kings,Mumbai Indians
67,2008,Hyderabad,Deccan Chargers,Rajasthan Royals
68,2008,Chandigarh,Kings XI Punjab,Mumbai Indians
69,2008,Bangalore,Royal Challengers Bangalore,Rajasthan Royals
70,2008,Chennai,Kolkata Knight Riders,Chennai Super Kings
71,2008,Mumbai,Mumbai Indians,Deccan Chargers
72,2008,Chandigarh,Delhi Daredevils,Kings XI Punjab
73,2008,Bangalore,Chennai Super Kings,Royal Challengers Bangalore
74,2008,Kolkata,Kolkata Knight Riders,Mumbai Indians
75,2008,Delhi,Delhi Daredevils,Royal Challengers Bangalore
76,2008,Hyderabad,Deccan Chargers,Kings XI Punjab
77,2008,Jaipur,Rajasthan Royals,Kolkata Knight Riders
78,2008,Chennai,Chennai Super Kings,Delhi Daredevils
79,2008,Hyderabad,Deccan Chargers,Royal Challengers Bangalore
80,2008,Chandigarh,Kings XI Punjab,Kolkata Knight Riders
81,2008,Mumbai,Mumbai Indians,Delhi Daredevils
82,2008,Jaipur,Chennai Super Kings,Rajasthan Royals
83,2008,Bangalore,Royal Challengers Bangalore,Kings XI Punjab
84,2008,Chennai,Chennai Super Kings,Deccan Chargers
85,2008,Mumbai,Rajasthan Royals,Mumbai Indians
86,2008,Delhi,Delhi Daredevils,Chennai Super Kings
87,2008,Kolkata,Kolkata Knight Riders,Royal Challengers Bangalore
88,2008,Jaipur,Deccan Chargers,Rajasthan Royals
89,2008,Bangalore,Royal Challengers Bangalore,Mumbai Indians
90,2008,Chennai,Chennai Super Kings,Kings XI Punjab
91,2008,Hyderabad,Kolkata Knight Riders,Deccan Chargers
92,2008,Jaipur,Delhi Daredevils,Rajasthan Royals
93,2008,Chandigarh,Royal Challengers Bangalore,Kings XI Punjab
94,2008,Kolkata,Kolkata Knight Riders,Delhi Daredevils
95,2008,Mumbai,Chennai Super Kings,Mumbai Indians
96,2008,Chandigarh,Kings XI Punjab,Rajasthan Royals
97,2008,Delhi,Delhi Daredevils,Deccan Chargers
98,2008,Mumbai,Kolkata Knight Riders,Mumbai Indians
100,2008,Jaipur,Rajasthan Royals,Royal Challengers Bangalore
101,2008,Hyderabad,Mumbai Indians,Deccan Chargers
103,2008,Bangalore,Royal Challengers Bangalore,Delhi Daredevils
104,2008,Kolkata,Kolkata Knight Riders,Rajasthan Royals
105,2008,Mumbai,Kings XI Punjab,Mumbai Indians
106,2008,Chennai,Royal Challengers Bangalore,Chennai Super Kings
107,2008,Chandigarh,Deccan Chargers,Kings XI Punjab
108,2008,Delhi,Mumbai Indians,Delhi Daredevils
109,2008,Chennai,Rajasthan Royals,Chennai Super Kings
110,2008,Bangalore,Royal Challengers Bangalore,Deccan Chargers
111,2008,Kolkata,Kings XI Punjab,Kolkata Knight Riders
112,2008,Jaipur,Mumbai Indians,Rajasthan Royals
113,2008,Hyderabad,Deccan Chargers,Chennai Super Kings
114,2008,Mumbai,Rajasthan Royals,Delhi Daredevils
115,2008,Mumbai,Kings XI Punjab,Chennai Super Kings
116,2008,Mumbai,Chennai Super Kings,Rajasthan Royals
117,2009,Cape Town,Mumbai Indians,Chennai Super Kings
118,2009,Cape Town,Royal Challengers Bangalore,Rajasthan Royals
120,2009,Cape Town,Kolkata Knight Riders,Deccan Chargers
121,2009,Port Elizabeth,Chennai Super Kings,Royal Challengers Bangalore
123,2009,Cape Town,Deccan Chargers,Royal Challengers Bangalore
124,2009,Durban,Delhi Daredevils,Chennai Super Kings
125,2009,Cape Town,Rajasthan Royals,Kolkata Knight Riders
126,2009,Durban,Royal Challengers Bangalore,Kings XI Punjab
127,2009,Durban,Deccan Chargers,Mumbai Indians
128,2009,Port Elizabeth,Royal Challengers Bangalore,Delhi Daredevils
129,2009,Cape Town,Kings XI Punjab,Rajasthan Royals
130,2009,Durban,Chennai Super Kings,Deccan Chargers
131,2009,Port Elizabeth,Mumbai Indians,Kolkata Knight Riders
132,2009,Centurion,Delhi Daredevils,Rajasthan Royals
133,2009,Durban,Kolkata Knight Riders,Royal Challengers Bangalore
134,2009,Durban,Kings XI Punjab,Mumbai Indians
135,2009,Centurion,Deccan Chargers,Delhi Daredevils
136,2009,Centurion,Chennai Super Kings,Rajasthan Royals
137,2009,East London,Mumbai Indians,Kolkata Knight Riders
138,2009,Durban,Royal Challengers Bangalore,Kings XI Punjab
139,2009,Port Elizabeth,Deccan Chargers,Rajasthan Royals
140,2009,Johannesburg,Chennai Super Kings,Delhi Daredevils
141,2009,Port Elizabeth,Kolkata Knight Riders,Kings XI Punjab
142,2009,Johannesburg,Mumbai Indians,Royal Challengers Bangalore
143,2009,East London,Chennai Super Kings,Deccan Chargers
144,2009,Durban,Rajasthan Royals,Kings XI Punjab
145,2009,Durban,Kolkata Knight Riders,Delhi Daredevils
146,2009,Centurion,Deccan Chargers,Mumbai Indians
147,2009,Centurion,Royal Challengers Bangalore,Rajasthan Royals
149,2009,East London,Mumbai Indians,Delhi Daredevils
150,2009,Kimberley,Deccan Chargers,Kings XI Punjab
151,2009,Kimberley,Rajasthan Royals,Chennai Super Kings
152,2009,Port Elizabeth,Mumbai Indians,Royal Challengers Bangalore
153,2009,Johannesburg,Kolkata Knight Riders,Delhi Daredevils
154,2009,Kimberley,Deccan Chargers,Rajasthan Royals
155,2009,Centurion,Kolkata Knight Riders,Royal Challengers Bangalore
156,2009,Centurion,Kings XI Punjab,Mumbai Indians
157,2009,Durban,Delhi Daredevils,Deccan Chargers
158,2009,Durban,Chennai Super Kings,Royal Challengers Bangalore
159,2009,Durban,Rajasthan Royals,Mumbai Indians
160,2009,Bloemfontein,Delhi Daredevils,Kings XI Punjab
161,2009,Port Elizabeth,Mumbai Indians,Chennai Super Kings
162,2009,Johannesburg,Kolkata Knight Riders,Deccan Chargers
163,2009,Johannesburg,Kings XI Punjab,Deccan Chargers
164,2009,Bloemfontein,Delhi Daredevils,Rajasthan Royals
165,2009,Centurion,Chennai Super Kings,Kolkata Knight Riders
166,2009,Johannesburg,Delhi Daredevils,Royal Challengers Bangalore
167,2009,Durban,Rajasthan Royals,Kolkata Knight Riders
168,2009,Durban,Chennai Super Kings,Kings XI Punjab
169,2009,Centurion,Mumbai Indians,Delhi Daredevils
170,2009,Centurion,Royal Challengers Bangalore,Deccan Chargers
171,2009,Centurion,Delhi Daredevils,Deccan Chargers
172,2009,Johannesburg,Chennai Super Kings,Royal Challengers Bangalore
173,2009,Johannesburg,Deccan Chargers,Royal Challengers Bangalore
174,2010,Mumbai,Kolkata Knight Riders,Deccan Chargers
175,2010,Mumbai,Mumbai Indians,Rajasthan Royals
176,2010,Chandigarh,Kings XI Punjab,Delhi Daredevils
177,2010,Kolkata,Royal Challengers Bangalore,Kolkata Knight Riders
178,2010,Chennai,Deccan Chargers,Chennai Super Kings
179,2010,Ahmedabad,Rajasthan Royals,Delhi Daredevils
180,2010,Bangalore,Kings XI Punjab,Royal Challengers Bangalore
181,2010,Kolkata,Chennai Super Kings,Kolkata Knight Riders
182,2010,Delhi,Mumbai Indians,Delhi Daredevils
183,2010,Bangalore,Rajasthan Royals,Royal Challengers Bangalore
184,2010,Delhi,Delhi Daredevils,Chennai Super Kings
185,2010,Cuttack,Deccan Chargers,Kings XI Punjab
186,2010,Ahmedabad,Rajasthan Royals,Kolkata Knight Riders
187,2010,Mumbai,Mumbai Indians,Royal Challengers Bangalore
188,2010,Cuttack,Deccan Chargers,Delhi Daredevils
189,2010,Chennai,Kings XI Punjab,Chennai Super Kings
190,2010,Mumbai,Kolkata Knight Riders,Mumbai Indians
191,2010,Bangalore,Royal Challengers Bangalore,Chennai Super Kings
192,2010,Chandigarh,Rajasthan Royals,Kings XI Punjab
193,2010,Mumbai,Chennai Super Kings,Mumbai Indians
194,2010,Ahmedabad,Deccan Chargers,Rajasthan Royals
195,2010,Chandigarh,Kolkata Knight Riders,Kings XI Punjab
196,2010,Bangalore,Delhi Daredevils,Royal Challengers Bangalore
197,2010,Ahmedabad,Rajasthan Royals,Chennai Super Kings
198,2010,Mumbai,Mumbai Indians,Deccan Chargers
199,2010,Delhi,Delhi Daredevils,Kolkata Knight Riders
200,2010,Mumbai,Kings XI Punjab,Mumbai Indians
201,2010,Chennai,Royal Challengers Bangalore,Chennai Super Kings
202,2010,Delhi,Delhi Daredevils,Rajasthan Royals
203,2010,Kolkata,Kolkata Knight Riders,Deccan Chargers
204,2010,Chandigarh,Kings XI Punjab,Royal Challengers Bangalore
205,2010,Chennai,Chennai Super Kings,Rajasthan Royals
206,2010,Mumbai,Mumbai Indians,Deccan Chargers
207,2010,Kolkata,Kolkata Knight Riders,Kings XI Punjab
208,2010,Delhi,Delhi Daredevils,Royal Challengers Bangalore
209,2010,Nagpur,Rajasthan Royals,Deccan Chargers
210,2010,Chennai,Chennai Super Kings,Mumbai Indians
211,2010,Jaipur,Kings XI Punjab,Rajasthan Royals
212,2010,Kolkata,Kolkata Knight Riders,Delhi Daredevils
213,2010,Bangalore,Royal Challengers Bangalore,Deccan Chargers
214,2010,Chandigarh,Mumbai Indians,Kings XI Punjab
215,2010,Nagpur,Chennai Super Kings,Deccan Chargers
216,2010,Bangalore,Kolkata Knight Riders,Royal Challengers Bangalore
217,2010,Delhi,Delhi Daredevils,Kings XI Punjab
218,2010,Jaipur,Mumbai Indians,Rajasthan Royals
219,2010,Nagpur,Deccan Chargers,Royal Challengers Bangalore
220,2010,Mumbai,Mumbai Indians,Delhi Daredevils
221,2010,Chennai,Kolkata Knight Riders,Chennai Super Kings
222,2010,Jaipur,Rajasthan Royals,Royal Challengers Bangalore
223,2010,Chennai,Chennai Super Kings,Delhi Daredevils
224,2010,Dharamsala,Kings XI Punjab,Deccan Chargers
225,2010,Bangalore,Mumbai Indians,Royal Challengers Bangalore
226,2010,Kolkata,Rajasthan Royals,Kolkata Knight Riders
227,2010,Dharamsala,Kings XI Punjab,Chennai Super Kings
228,2010,Delhi,Deccan Chargers,Delhi Daredevils
229,2010,Kolkata,Mumbai Indians,Kolkata Knight Riders
230,2010,Mumbai,Mumbai Indians,Royal Challengers Bangalore
231,2010,Mumbai,Chennai Super Kings,Deccan Chargers
232,2010,Mumbai,Deccan Chargers,Royal Challengers Bangalore
233,2010,Mumbai,Chennai Super Kings,Mumbai Indians
234,2011,Chennai,Chennai Super Kings,Kolkata Knight Riders
235,2011,Hyderabad,Deccan Chargers,Rajasthan Royals
236,2011,Kochi,Kochi Tuskers Kerala,Royal Challengers Bangalore
237,2011,Delhi,Delhi Daredevils,Mumbai Indians
238,2011,Mumbai,Kings XI Punjab,Pune Warriors
239,2011,Kolkata,Kolkata Knight Riders,Deccan Chargers
240,2011,Jaipur,Delhi Daredevils,Rajasthan Royals
241,2011,Bangalore,Royal Challengers Bangalore,Mumbai Indians
242,2011,Chandigarh,Chennai Super Kings,Kings XI Punjab
243,2011,Mumbai,Kochi Tuskers Kerala,Pune Warriors
244,2011,Hyderabad,Deccan Chargers,Royal Challengers Bangalore
245,2011,Jaipur,Rajasthan Royals,Kolkata Knight Riders
246,2011,Mumbai,Mumbai Indians,Kochi Tuskers Kerala
247,2011,Chennai,Chennai Super Kings,Royal Challengers Bangalore
248,2011,Hyderabad,Deccan Chargers,Kings XI Punjab
249,2011,Mumbai,Pune Warriors,Delhi Daredevils
250,2011,Kolkata,Rajasthan Royals,Kolkata Knight Riders
252,2011,Delhi,Deccan Chargers,Delhi Daredevils
253,2011,Mumbai,Pune Warriors,Mumbai Indians
254,2011,Kolkata,Kochi Tuskers Kerala,Kolkata Knight Riders
255,2011,Chandigarh,Kings XI Punjab,Rajasthan Royals
256,2011,Mumbai,Mumbai Indians,Chennai Super Kings
257,2011,Kolkata,Kolkata Knight Riders,Royal Challengers Bangalore
258,2011,Delhi,Delhi Daredevils,Kings XI Punjab
259,2011,Hyderabad,Mumbai Indians,Deccan Chargers
260,2011,Jaipur,Kochi Tuskers Kerala,Rajasthan Royals
261,2011,Chennai,Chennai Super Kings,Pune Warriors
262,2011,Delhi,Delhi Daredevils,Royal Challengers Bangalore
263,2011,Mumbai,Pune Warriors,Chennai Super Kings
264,2011,Kochi,Deccan Chargers,Kochi Tuskers Kerala
265,2011,Delhi,Kolkata Knight Riders,Delhi Daredevils
266,2011,Jaipur,Mumbai Indians,Rajasthan Royals
267,2011,Bangalore,Royal Challengers Bangalore,Pune Warriors
268,2011,Kochi,Delhi Daredevils,Kochi Tuskers Kerala
269,2011,Kolkata,Kings XI Punjab,Kolkata Knight Riders
270,2011,Jaipur,Pune Warriors,Rajasthan Royals
271,2011,Chennai,Chennai Super Kings,Deccan Chargers
272,2011,Mumbai,Mumbai Indians,Kings XI Punjab
273,2011,Delhi,Delhi Daredevils,Kochi Tuskers Kerala
274,2011,Hyderabad,Kolkata Knight Riders,Deccan Chargers
275,2011,Chennai,Rajasthan Royals,Chennai Super Kings
276,2011,Mumbai,Mumbai Indians,Pune Warriors
277,2011,Kochi,Kochi Tuskers Kerala,Kolkata Knight Riders
278,2011,Hyderabad,Deccan Chargers,Delhi Daredevils
279,2011,Bangalore,Royal Challengers Bangalore,Kings XI Punjab
281,2011,Mumbai,Mumbai Indians,Delhi Daredevils
282,2011,Bangalore,Kochi Tuskers Kerala,Royal Challengers Bangalore
283,2011,Chandigarh,Kings XI Punjab,Pune Warriors
284,2011,Jaipur,Chennai Super Kings,Rajasthan Royals
285,2011,Hyderabad,Deccan Chargers,Pune Warriors
286,2011,Chandigarh,Kings XI Punjab,Mumbai Indians
287,2011,Jaipur,Rajasthan Royals,Royal Challengers Bangalore
288,2011,Chennai,Chennai Super Kings,Delhi Daredevils
289,2011,Indore,Kochi Tuskers Kerala,Kings XI Punjab
291,2011,Mumbai,Deccan Chargers,Mumbai Indians
292,2011,Dharamsala,Kings XI Punjab,Delhi Daredevils
293,2011,Indore,Rajasthan Royals,Kochi Tuskers Kerala
294,2011,Mumbai,Pune Warriors,Deccan Chargers
295,2011,Dharamsala,Kings XI Punjab,Royal Challengers Bangalore
296,2011,Chennai,Chennai Super Kings,Kochi Tuskers Kerala
297,2011,Mumbai,Pune Warriors,Kolkata Knight Riders
298,2011,Mumbai,Mumbai Indians,Rajasthan Royals
299,2011,Dharamsala,Deccan Chargers,Kings XI Punjab
300,2011,Delhi,Delhi Daredevils,Pune Warriors
301,2011,Bangalore,Chennai Super Kings,Royal Challengers Bangalore
302,2011,Kolkata,Kolkata Knight Riders,Mumbai Indians
303,2011,Mumbai,Royal Challengers Bangalore,Chennai Super Kings
304,2011,Mumbai,Kolkata Knight Riders,Mumbai Indians
305,2011,Chennai,Royal Challengers Bangalore,Mumbai Indians
306,2011,Chennai,Chennai Super Kings,Royal Challengers Bangalore
307,2012,Chennai,Chennai Super Kings,Mumbai Indians
308,2012,Kolkata,Kolkata Knight Riders,Delhi Daredevils
309,2012,Mumbai,Pune Warriors,Mumbai Indians
310,2012,Jaipur,Rajasthan Royals,Kings XI Punjab
311,2012,Bangalore,Royal Challengers Bangalore,Delhi Daredevils
312,2012,Visakhapatnam,Chennai Super Kings,Deccan Chargers
313,2012,Jaipur,Rajasthan Royals,Kolkata Knight Riders
314,2012,Pune,Pune Warriors,Kings XI Punjab
315,2012,Visakhapatnam,Deccan Chargers,Mumbai Indians
316,2012,Bangalore,Kolkata Knight Riders,Royal Challengers Bangalore
317,2012,Delhi,Chennai Super Kings,Delhi Daredevils
318,2012,Mumbai,Mumbai Indians,Rajasthan Royals
319,2012,Chennai,Royal Challengers Bangalore,Chennai Super Kings
320,2012,Chandigarh,Pune Warriors,Kings XI Punjab
321,2012,Kolkata,Rajasthan Royals,Kolkata Knight Riders
322,2012,Delhi,Deccan Chargers,Delhi Daredevils
323,2012,Pune,Chennai Super Kings,Pune Warriors
324,2012,Kolkata,Kings XI Punjab,Kolkata Knight Riders
325,2012,Bangalore,Rajasthan Royals,Royal Challengers Bangalore
326,2012,Mumbai,Mumbai Indians,Delhi Daredevils
327,2012,Jaipur,Deccan Chargers,Rajasthan Royals
328,2012,Bangalore,Pune Warriors,Royal Challengers Bangalore
329,2012,Chandigarh,Kings XI Punjab,Kolkata Knight Riders
330,2012,Hyderabad,Deccan Chargers,Delhi Daredevils
331,2012,Chennai,Chennai Super Kings,Pune Warriors
332,2012,Chandigarh,Kings XI Punjab,Royal Challengers Bangalore
333,2012,Chennai,Rajasthan Royals,Chennai Super Kings
334,2012,Delhi,Pune Warriors,Delhi Daredevils
335,2012,Mumbai,Mumbai Indians,Kings XI Punjab
336,2012,Cuttack,Deccan Chargers,Kolkata Knight Riders
337,2012,Jaipur,Royal Challengers Bangalore,Rajasthan Royals
338,2012,Pune,Pune Warriors,Delhi Daredevils
339,2012,Chandigarh,Kings XI Punjab,Mumbai Indians
340,2012,Pune,Deccan Chargers,Pune Warriors
341,2012,Delhi,Delhi Daredevils,Mumbai Indians
342,2012,Chennai,Kings XI Punjab,Chennai Super Kings
343,2012,Kolkata,Kolkata Knight Riders,Royal Challengers Bangalore
344,2012,Delhi,Delhi Daredevils,Rajasthan Royals
345,2012,Mumbai,Deccan Chargers,Mumbai Indians
346,2012,Chennai,Chennai Super Kings,Kolkata Knight Riders
347,2012,Cuttack,Deccan Chargers,Pune Warriors
348,2012,Jaipur,Rajasthan Royals,Delhi Daredevils
349,2012,Bangalore,Royal Challengers Bangalore,Kings XI Punjab
350,2012,Pune,Mumbai Indians,Pune Warriors
351,2012,Chennai,Chennai Super Kings,Deccan Chargers
352,2012,Kolkata,Kolkata Knight Riders,Pune Warriors
353,2012,Chandigarh,Rajasthan Royals,Kings XI Punjab
354,2012,Mumbai,Chennai Super Kings,Mumbai Indians
355,2012,Bangalore,Deccan Chargers,Royal Challengers Bangalore
356,2012,Delhi,Delhi Daredevils,Kolkata Knight Riders
357,2012,Pune,Pune Warriors,Rajasthan Royals
358,2012,Hyderabad,Kings XI Punjab,Deccan Chargers
359,2012,Mumbai,Mumbai Indians,Royal Challengers Bangalore
360,2012,Jaipur,Rajasthan Royals,Chennai Super Kings
361,2012,Pune,Royal Challengers Bangalore,Pune Warriors
362,2012,Kolkata,Mumbai Indians,Kolkata Knight Riders
363,2012,Chennai,Delhi Daredevils,Chennai Super Kings
364,2012,Jaipur,Rajasthan Royals,Pune Warriors
365,2012,Chandigarh,Deccan Chargers,Kings XI Punjab
366,2012,Bangalore,Royal Challengers Bangalore,Mumbai Indians
367,2012,Kolkata,Kolkata Knight Riders,Chennai Super Kings
368,2012,Delhi,Kings XI Punjab,Delhi Daredevils
369,2012,Mumbai,Kolkata Knight Riders,Mumbai Indians
370,2012,Dharamsala,Chennai Super Kings,Kings XI Punjab
371,2012,Delhi,Royal Challengers Bangalore,Delhi Daredevils
372,2012,Hyderabad,Rajasthan Royals,Deccan Chargers
373,2012,Dharamsala,Kings XI Punjab,Delhi Daredevils
374,2012,Pune,Kolkata Knight Riders,Pune Warriors
375,2012,Hyderabad,Deccan Chargers,Royal Challengers Bangalore
376,2012,Jaipur,Rajasthan Royals,Mumbai Indians
377,2012,Pune,Kolkata Knight Riders,Delhi Daredevils
378,2012,Bangalore,Chennai Super Kings,Mumbai Indians
379,2012,Chennai,Chennai Super Kings,Delhi Daredevils
380,2012,Chennai,Chennai Super Kings,Kolkata Knight Riders
381,2013,Kolkata,Delhi Daredevils,Kolkata Knight Riders
382,2013,Bangalore,Royal Challengers Bangalore,Mumbai Indians
383,2013,Hyderabad,Sunrisers Hyderabad,Pune Warriors
384,2013,Delhi,Rajasthan Royals,Delhi Daredevils
385,2013,Chennai,Mumbai Indians,Chennai Super Kings
386,2013,Pune,Pune Warriors,Kings XI Punjab
387,2013,Hyderabad,Royal Challengers Bangalore,Sunrisers Hyderabad
388,2013,Jaipur,Rajasthan Royals,Kolkata Knight Riders
389,2013,Mumbai,Mumbai Indians,Delhi Daredevils
390,2013,Chandigarh,Kings XI Punjab,Chennai Super Kings
391,2013,Bangalore,Kolkata Knight Riders,Royal Challengers Bangalore
392,2013,Pune,Rajasthan Royals,Pune Warriors
393,2013,Delhi,Delhi Daredevils,Sunrisers Hyderabad
394,2013,Mumbai,Mumbai Indians,Pune Warriors
395,2013,Chennai,Royal Challengers Bangalore,Chennai Super Kings
396,2013,Kolkata,Kolkata Knight Riders,Sunrisers Hyderabad
397,2013,Jaipur,Kings XI Punjab,Rajasthan Royals
398,2013,Chennai,Pune Warriors,Chennai Super Kings
399,2013,Chandigarh,Kings XI Punjab,Kolkata Knight Riders
400,2013,Bangalore,Delhi Daredevils,Royal Challengers Bangalore
401,2013,Pune,Sunrisers Hyderabad,Pune Warriors
402,2013,Jaipur,Rajasthan Royals,Mumbai Indians
403,2013,Delhi,Chennai Super Kings,Delhi Daredevils
404,2013,Hyderabad,Kings XI Punjab,Sunrisers Hyderabad
405,2013,Kolkata,Kolkata Knight Riders,Chennai Super Kings
406,2013,Bangalore,Rajasthan Royals,Royal Challengers Bangalore
407,2013,Delhi,Mumbai Indians,Delhi Daredevils
408,2013,Chandigarh,Pune Warriors,Kings XI Punjab
409,2013,Chennai,Rajasthan Royals,Chennai Super Kings
410,2013,Bangalore,Royal Challengers Bangalore,Pune Warriors
411,2013,Dharamsala,Kings XI Punjab,Delhi Daredevils
412,2013,Kolkata,Kolkata Knight Riders,Mumbai Indians
413,2013,Chennai,Sunrisers Hyderabad,Chennai Super Kings
414,2013,Kolkata,Kings XI Punjab,Kolkata Knight Riders
415,2013,Jaipur,Sunrisers Hyderabad,Rajasthan Royals
416,2013,Mumbai,Mumbai Indians,Royal Challengers Bangalore
417,2013,Chennai,Chennai Super Kings,Kolkata Knight Riders
418,2013,Raipur,Delhi Daredevils,Pune Warriors
419,2013,Jaipur,Royal Challengers Bangalore,Rajasthan Royals
420,2013,Mumbai,Mumbai Indians,Kings XI Punjab
421,2013,Pune,Chennai Super Kings,Pune Warriors
422,2013,Hyderabad,Mumbai Indians,Sunrisers Hyderabad
423,2013,Raipur,Kolkata Knight Riders,Delhi Daredevils
424,2013,Chennai,Chennai Super Kings,Kings XI Punjab
425,2013,Pune,Royal Challengers Bangalore,Pune Warriors
426,2013,Kolkata,Rajasthan Royals,Kolkata Knight Riders
427,2013,Hyderabad,Delhi Daredevils,Sunrisers Hyderabad
428,2013,Bangalore,Royal Challengers Bangalore,Kings XI Punjab
429,2013,Mumbai,Mumbai Indians,Chennai Super Kings
430,2013,Jaipur,Pune Warriors,Rajasthan Royals
431,2013,Bangalore,Sunrisers Hyderabad,Royal Challengers Bangalore
432,2013,Jaipur,Delhi Daredevils,Rajasthan Royals
433,2013,Mumbai,Mumbai Indians,Kolkata Knight Riders
434,2013,Hyderabad,Chennai Super Kings,Sunrisers Hyderabad
435,2013,Chandigarh,Kings XI Punjab,Rajasthan Royals
436,2013,Pune,Kolkata Knight Riders,Pune Warriors
437,2013,Delhi,Royal Challengers Bangalore,Delhi Daredevils
438,2013,Pune,Pune Warriors,Mumbai Indians
439,2013,Chandigarh,Sunrisers Hyderabad,Kings XI Punjab
440,2013,Ranchi,Royal Challengers Bangalore,Kolkata Knight Riders
441,2013,Jaipur,Chennai Super Kings,Rajasthan Royals
442,2013,Delhi,Delhi Daredevils,Kings XI Punjab
443,2013,Mumbai,Sunrisers Hyderabad,Mumbai Indians
444,2013,Ranchi,Pune Warriors,Kolkata Knight Riders
445,2013,Chennai,Chennai Super Kings,Delhi Daredevils
446,2013,Mumbai,Mumbai Indians,Rajasthan Royals
447,2013,Chandigarh,Royal Challengers Bangalore,Kings XI Punjab
448,2013,Hyderabad,Sunrisers Hyderabad,Rajasthan Royals
449,2013,Dharamsala,Kings XI Punjab,Mumbai Indians
450,2013,Pune,Pune Warriors,Delhi Daredevils
451,2013,Bangalore,Royal Challengers Bangalore,Chennai Super Kings
452,2013,Hyderabad,Kolkata Knight Riders,Sunrisers Hyderabad
453,2013,Delhi,Chennai Super Kings,Mumbai Indians
454,2013,Delhi,Sunrisers Hyderabad,Rajasthan Royals
455,2013,Kolkata,Rajasthan Royals,Mumbai Indians
456,2013,Kolkata,Mumbai Indians,Chennai Super Kings
457,2014,Abu Dhabi,Kolkata Knight Riders,Mumbai Indians
458,2014,Sharjah,Delhi Daredevils,Royal Challengers Bangalore
459,2014,Abu Dhabi,Chennai Super Kings,Kings XI Punjab
460,2014,Abu Dhabi,Sunrisers Hyderabad,Rajasthan Royals
461,2014,,Mumbai Indians,Royal Challengers Bangalore
462,2014,,Kolkata Knight Riders,Delhi Daredevils
463,2014,Sharjah,Rajasthan Royals,Kings XI Punjab
464,2014,Abu Dhabi,Chennai Super Kings,Delhi Daredevils
465,2014,Sharjah,Kings XI Punjab,Sunrisers Hyderabad
466,2014,,Chennai Super Kings,Rajasthan Royals
467,2014,Sharjah,Kolkata Knight Riders,Royal Challengers Bangalore
468,2014,,Sunrisers Hyderabad,Delhi Daredevils
469,2014,,Mumbai Indians,Chennai Super Kings
470,2014,Abu Dhabi,Royal Challengers Bangalore,Rajasthan Royals
471,2014,Abu Dhabi,Kings XI Punjab,Kolkata Knight Riders
472,2014,Sharjah,Mumbai Indians,Delhi Daredevils
473,2014,Sharjah,Sunrisers Hyderabad,Chennai Super Kings
474,2014,,Royal Challengers Bangalore,Kings XI Punjab
475,2014,Abu Dhabi,Rajasthan Royals,Kolkata Knight Riders
476,2014,,Sunrisers Hyderabad,Mumbai Indians
477,2014,Ranchi,Chennai Super Kings,Kolkata Knight Riders
478,2014,Mumbai,Kings XI Punjab,Mumbai Indians
479,2014,Delhi,Delhi Daredevils,Rajasthan Royals
480,2014,Bangalore,Sunrisers Hyderabad,Royal Challengers Bangalore
481,2014,Ahmedabad,Rajasthan Royals,Kolkata Knight Riders
482,2014,Delhi,Delhi Daredevils,Chennai Super Kings
483,2014,Mumbai,Mumbai Indians,Royal Challengers Bangalore
484,2014,Delhi,Delhi Daredevils,Kolkata Knight Riders
485,2014,Cuttack,Kings XI Punjab,Chennai Super Kings
486,2014,Ahmedabad,Sunrisers Hyderabad,Rajasthan Royals
487,2014,Bangalore,Kings XI Punjab,Royal Challengers Bangalore
489,2014,Mumbai,Mumbai Indians,Chennai Super Kings
490,2014,Cuttack,Kings XI Punjab,Kolkata Knight Riders
491,2014,Bangalore,Royal Challengers Bangalore,Rajasthan Royals
492,2014,Hyderabad,Sunrisers Hyderabad,Mumbai Indians
493,2014,Ranchi,Rajasthan Royals,Chennai Super Kings
494,2014,Bangalore,Royal Challengers Bangalore,Delhi Daredevils
495,2014,Hyderabad,Sunrisers Hyderabad,Kings XI Punjab
496,2014,Cuttack,Mumbai Indians,Kolkata Knight Riders
497,2014,Ahmedabad,Rajasthan Royals,Delhi Daredevils
498,2014,Ranchi,Chennai Super Kings,Royal Challengers Bangalore
499,2014,Hyderabad,Sunrisers Hyderabad,Kolkata Knight Riders
500,2014,Ahmedabad,Mumbai Indians,Rajasthan Royals
501,2014,Delhi,Delhi Daredevils,Kings XI Punjab
502,2014,Hyderabad,Royal Challengers Bangalore,Sunrisers Hyderabad
503,2014,Kolkata,Chennai Super Kings,Kolkata Knight Riders
504,2014,Chandigarh,Kings XI Punjab,Mumbai Indians
505,2014,Kolkata,Kolkata Knight Riders,Royal Challengers Bangalore
506,2014,Ranchi,Chennai Super Kings,Sunrisers Hyderabad
507,2014,Mumbai,Mumbai Indians,Delhi Daredevils
508,2014,Chandigarh,Kings XI Punjab,Rajasthan Royals
509,2014,Bangalore,Royal Challengers Bangalore,Chennai Super Kings
510,2014,Kolkata,Sunrisers Hyderabad,Kolkata Knight Riders
511,2014,Chandigarh,Delhi Daredevils,Kings XI Punjab
512,2014,Mumbai,Rajasthan Royals,Mumbai Indians
513,2014,Kolkata,Kolkata Knight Riders,Kings XI Punjab
514,2014,Mumbai,Mumbai Indians,Chennai Super Kings
515,2014,Mumbai,Kings XI Punjab,Chennai Super Kings
516,2014,Bangalore,Kings XI Punjab,Kolkata Knight Riders
517,2015,Kolkata,Mumbai Indians,Kolkata Knight Riders
518,2015,Chennai,Chennai Super Kings,Delhi Daredevils
519,2015,Pune,Rajasthan Royals,Kings XI Punjab
520,2015,Chennai,Chennai Super Kings,Sunrisers Hyderabad
521,2015,Kolkata,Kolkata Knight Riders,Royal Challengers Bangalore
522,2015,Delhi,Delhi Daredevils,Rajasthan Royals
523,2015,Mumbai,Kings XI Punjab,Mumbai Indians
524,2015,Bangalore,Royal Challengers Bangalore,Sunrisers Hyderabad
525,2015,Ahmedabad,Mumbai Indians,Rajasthan Royals
526,2015,Kolkata,Chennai Super Kings,Kolkata Knight Riders
527,2015,Pune,Kings XI Punjab,Delhi Daredevils
528,2015,Visakhapatnam,Sunrisers Hyderabad,Rajasthan Royals
529,2015,Mumbai,Mumbai Indians,Chennai Super Kings
530,2015,Visakhapatnam,Delhi Daredevils,Sunrisers Hyderabad
531,2015,Pune,Kings XI Punjab,Kolkata Knight Riders
532,2015,Ahmedabad,Chennai Super Kings,Rajasthan Royals
533,2015,Bangalore,Mumbai Indians,Royal Challengers Bangalore
534,2015,Delhi,Delhi Daredevils,Kolkata Knight Riders
535,2015,Ahmedabad,Rajasthan Royals,Kings XI Punjab
537,2015,Bangalore,Chennai Super Kings,Royal Challengers Bangalore
538,2015,Delhi,Delhi Daredevils,Mumbai Indians
539,2015,Ahmedabad,Rajasthan Royals,Royal Challengers Bangalore
540,2015,Mumbai,Mumbai Indians,Sunrisers Hyderabad
541,2015,Chennai,Chennai Super Kings,Kings XI Punjab
542,2015,Delhi,Delhi Daredevils,Royal Challengers Bangalore
543,2015,Chandigarh,Sunrisers Hyderabad,Kings XI Punjab
544,2015,Kolkata,Kolkata Knight Riders,Delhi Daredevils
545,2015,Bangalore,Royal Challengers Bangalore,Rajasthan Royals
546,2015,Chennai,Chennai Super Kings,Kolkata Knight Riders
547,2015,Delhi,Kings XI Punjab,Delhi Daredevils
548,2015,Mumbai,Mumbai Indians,Rajasthan Royals
549,2015,Bangalore,Kolkata Knight Riders,Royal Challengers Bangalore
550,2015,Hyderabad,Sunrisers Hyderabad,Chennai Super Kings
551,2015,Chandigarh,Mumbai Indians,Kings XI Punjab
552,2015,Mumbai,Rajasthan Royals,Delhi Daredevils
553,2015,Chennai,Chennai Super Kings,Royal Challengers Bangalore
554,2015,Kolkata,Kolkata Knight Riders,Sunrisers Hyderabad
555,2015,Mumbai,Delhi Daredevils,Mumbai Indians
556,2015,Bangalore,Royal Challengers Bangalore,Kings XI Punjab
557,2015,Mumbai,Sunrisers Hyderabad,Rajasthan Royals
558,2015,Chennai,Chennai Super Kings,Mumbai Indians
559,2015,Kolkata,Kings XI Punjab,Kolkata Knight Riders
560,2015,Raipur,Sunrisers Hyderabad,Delhi Daredevils
561,2015,Mumbai,Royal Challengers Bangalore,Mumbai Indians
562,2015,Chennai,Chennai Super Kings,Rajasthan Royals
563,2015,Hyderabad,Sunrisers Hyderabad,Kings XI Punjab
564,2015,Raipur,Chennai Super Kings,Delhi Daredevils
565,2015,Chandigarh,Kings XI Punjab,Royal Challengers Bangalore
566,2015,Mumbai,Mumbai Indians,Kolkata Knight Riders
568,2015,Chandigarh,Kings XI Punjab,Chennai Super Kings
569,2015,Mumbai,Rajasthan Royals,Kolkata Knight Riders
570,2015,Bangalore,Delhi Daredevils,Royal Challengers Bangalore
571,2015,Hyderabad,Sunrisers Hyderabad,Mumbai Indians
572,2015,Mumbai,Mumbai Indians,Chennai Super Kings
573,2015,Pune,Royal Challengers Bangalore,Rajasthan Royals
574,2015,Ranchi,Royal Challengers Bangalore,Chennai Super Kings
575,2015,Kolkata,Mumbai Indians,Chennai Super Kings
576,2016,Mumbai,Mumbai Indians,Rising Pune Supergiants
577,2016,Kolkata,Delhi Daredevils,Kolkata Knight Riders
578,2016,Chandigarh,Kings XI Punjab,Gujarat Lions
579,2016,Bangalore,Royal Challengers Bangalore,Sunrisers Hyderabad
580,2016,Kolkata,Kolkata Knight Riders,Mumbai Indians
581,2016,Rajkot,Rising Pune Supergiants,Gujarat Lions
582,2016,Delhi,Kings XI Punjab,Delhi Daredevils
583,2016,Hyderabad,Sunrisers Hyderabad,Kolkata Knight Riders
584,2016,Mumbai,Mumbai Indians,Gujarat Lions
585,2016,Chandigarh,Rising Pune Supergiants,Kings XI Punjab
586,2016,Bangalore,Royal Challengers Bangalore,Delhi Daredevils
587,2016,Hyderabad,Mumbai Indians,Sunrisers Hyderabad
588,2016,Chandigarh,Kings XI Punjab,Kolkata Knight Riders
589,2016,Mumbai,Royal Challengers Bangalore,Mumbai Indians
590,2016,Rajkot,Gujarat Lions,Sunrisers Hyderabad
591,2016,Pune,Royal Challengers Bangalore,Rising Pune Supergiants
592,2016,Delhi,Delhi Daredevils,Mumbai Indians
593,2016,Hyderabad,Kings XI Punjab,Sunrisers Hyderabad
594,2016,Rajkot,Royal Challengers Bangalore,Gujarat Lions
595,2016,Pune,Rising Pune Supergiants,Kolkata Knight Riders
596,2016,Chandigarh,Mumbai Indians,Kings XI Punjab
598,2016,Delhi,Gujarat Lions,Delhi Daredevils
599,2016,Mumbai,Kolkata Knight Riders,Mumbai Indians
600,2016,Pune,Rising Pune Supergiants,Gujarat Lions
601,2016,Delhi,Delhi Daredevils,Kolkata Knight Riders
602,2016,Hyderabad,Sunrisers Hyderabad,Royal Challengers Bangalore
603,2016,Rajkot,Kings XI Punjab,Gujarat Lions
604,2016,Pune,Rising Pune Supergiants,Mumbai Indians
605,2016,Bangalore,Royal Challengers Bangalore,Kolkata Knight Riders
606,2016,Rajkot,Gujarat Lions,Delhi Daredevils
607,2016,Kolkata,Kolkata Knight Riders,Kings XI Punjab
608,2016,Delhi,Delhi Daredevils,Rising Pune Supergiants
609,2016,Hyderabad,Gujarat Lions,Sunrisers Hyderabad
610,2016,Bangalore,Rising Pune Supergiants,Royal Challengers Bangalore
611,2016,Chandigarh,Kings XI Punjab,Delhi Daredevils
612,2016,Visakhapatnam,Sunrisers Hyderabad,Mumbai Indians
613,2016,Kolkata,Kolkata Knight Riders,Gujarat Lions
614,2016,Chandigarh,Royal Challengers Bangalore,Kings XI Punjab
615,2016,Visakhapatnam,Sunrisers Hyderabad,Rising Pune Supergiants
616,2016,Bangalore,Royal Challengers Bangalore,Mumbai Indians
617,2016,Hyderabad,Sunrisers Hyderabad,Delhi Daredevils
618,2016,Visakhapatnam,Mumbai Indians,Kings XI Punjab
619,2016,Bangalore,Royal Challengers Bangalore,Gujarat Lions
621,2016,Chandigarh,Kings XI Punjab,Sunrisers Hyderabad
622,2016,Visakhapatnam,Mumbai Indians,Delhi Daredevils
623,2016,Kolkata,Kolkata Knight Riders,Royal Challengers Bangalore
626,2016,Kanpur,Kolkata Knight Riders,Gujarat Lions
627,2016,Raipur,Sunrisers Hyderabad,Delhi Daredevils
628,2016,Visakhapatnam,Kings XI Punjab,Rising Pune Supergiants
629,2016,Kanpur,Mumbai Indians,Gujarat Lions
630,2016,Kolkata,Kolkata Knight Riders,Sunrisers Hyderabad
631,2016,Raipur,Delhi Daredevils,Royal Challengers Bangalore
632,2016,Bangalore,Gujarat Lions,Royal Challengers Bangalore
633,2016,Delhi,Sunrisers Hyderabad,Kolkata Knight Riders
634,2016,Delhi,Gujarat Lions,Sunrisers Hyderabad
635,2016,Bangalore,Sunrisers Hyderabad,Royal Challengers Bangalore
